pareto_point,scenario,emissions_cap_kgco2,annual_cost_burden_rp,net_annual_profit_chf,annual_emissions_burden_kgco2,annual_grid_import_kwh,annual_grid_export_kwh,annual_grid_use_h,annual_battery_charge_kwh,annual_battery_discharge_kwh
0,emissions_anchor,5912677.996702041,161594475.08042896,-1615944.7508042895,5912677.996702041,10407102.546595,33346892.158260003,10938.49867621375,24550115.613692306,23322609.833007693
1,epsilon_constrained_cost,5920080.529899093,116157722.0316633,-1161577.220316633,5920080.529899085,10435243.982601764,33376583.012855142,10952.956748864226,24534224.14099096,23307512.933941416
2,epsilon_constrained_cost,5927483.063096146,113361258.05439782,-1133612.5805439781,5927483.063096162,10446204.801396288,33423454.48466279,10967.41482151477,24165909.751112804,22957614.263557166
3,epsilon_constrained_cost,5934885.596293199,111671358.03922558,-1116713.5803922557,5934885.596293215,10460209.565080546,33467282.01158051,10981.872894165263,23860035.256410643,22667033.493590113
4,epsilon_constrained_cost,5942288.129490253,110564283.03362459,-1105642.830336246,5942288.129490293,10479737.759644622,33505586.1076186,10996.330966815805,23667461.907959208,22484088.812561247
5,epsilon_constrained_cost,5949690.662687305,109845917.83782065,-1098459.1783782064,5949690.662687336,10490331.933358166,33552824.224506952,11010.78903946628,23291626.593345806,22127045.263678517
6,epsilon_constrained_cost,5957093.195884358,109266385.04003578,-1092663.8504003577,5957093.195884373,10496055.744980566,33604932.70348641,11025.247112116745,22815886.415324643,21675092.094558414
7,epsilon_constrained_cost,5964495.729081411,108765603.08444172,-1087656.0308444172,5964495.729081418,10500875.016730133,33657945.72233876,11039.705184767225,22321591.57324481,21205511.99458266
8,epsilon_constrained_cost,5971898.262278464,108311144.7160266,-1083111.447160266,5971898.262278488,10503939.456689779,33712713.57298122,11054.16325741775,21791300.18162612,20701735.172544815
9,epsilon_constrained_cost,5979300.7954755165,107885093.11009061,-1078850.931100906,5979300.795475548,10505441.37787153,33769043.9424015,11068.621330068258,21228957.122769553,20167509.266631074
10,epsilon_constrained_cost,5986703.32867257,107480497.39782947,-1074804.9739782948,5986703.328672625,10506452.905005,33825864.705870196,11083.079402718799,20656554.698818512,19623726.96387758
11,epsilon_constrained_cost,5994105.861869623,107087402.45682406,-1070874.0245682406,5994105.861869653,10506926.673769273,33883223.2277077,11097.537475369243,20073121.333964832,19069465.26726659
12,epsilon_constrained_cost,6001508.395066676,106704172.18070298,-1067041.7218070298,6001508.395066721,10507794.996093575,33940187.195985496,11111.995548019766,19497781.37546746,18522892.30669409
13,epsilon_constrained_cost,6008910.9282637285,106330754.73526758,-1063307.5473526758,6008910.928263782,10508148.205283895,33997666.277397215,11126.453620670278,18911874.99370951,17966281.24402403
14,epsilon_constrained_cost,6016313.461460781,105971330.42794955,-1059713.3042794955,6016313.461460829,10509062.387925174,34054584.385357864,11140.911693320759,18337475.759664703,17420601.97168147
15,epsilon_constrained_cost,6023715.994657834,105626804.94372219,-1056268.0494372218,6023715.994657879,10510646.390994161,34110832.67289083,11155.369765971247,17776816.431829043,16887975.61023759
16,epsilon_constrained_cost,6031118.527854888,105299648.63907051,-1052996.4863907052,6031118.527854929,10512373.574533578,34166937.77995336,11169.827838621735,17219094.13928425,16358139.432320036
17,epsilon_constrained_cost,6038521.061051941,104986153.55991006,-1049861.5355991006,6038521.061051975,10513699.158400696,34223444.48668817,11184.285911272216,16653133.90474391,15820477.209506717
18,epsilon_constrained_cost,6045923.594248993,104690916.35249728,-1046909.1635249727,6045923.594249021,10515663.834862197,34279312.10082859,11198.743983922695,16100283.26188307,15295269.098788917
19,epsilon_constrained_cost,6053326.127446046,104419700.84701312,-1044197.0084701312,6053326.127446083,10517309.273410082,34335498.95288275,11213.20205657321,15540884.148998253,14763839.941548338
20,epsilon_constrained_cost,6060728.660643099,104161962.59532845,-1041619.6259532846,6060728.660643131,10518243.250530433,34392397.266364336,11227.660129223694,14966890.955549793,14218546.4077723
21,epsilon_constrained_cost,6068131.193840152,103917806.11685264,-1039178.0611685264,6068131.193840176,10519168.17840086,34449304.62909582,11242.118201874171,14392712.136461904,13673076.529638808
22,epsilon_constrained_cost,6075533.727037205,103686253.83578002,-1036862.5383578002,6075533.727037241,10526651.66591324,34499653.432185516,11256.576274524688,13953067.874130491,13255414.480423968
23,epsilon_constrained_cost,6082936.260234258,103468393.94527155,-1034683.9394527156,6082936.260234283,10528637.22807053,34555500.16063012,11271.034347175162,13400645.655799087,12730613.37300913
24,epsilon_constrained_cost,6090338.793431311,103262169.92279613,-1032621.6992279612,6090338.793431353,10530813.593172647,34611156.08613011,11285.49241982569,12852137.344025929,12209530.47682463
25,epsilon_constrained_cost,6097741.326628364,103069644.58532888,-1030696.4458532888,6097741.326628322,10538456.851895312,34661345.118008755,11299.950492476017,12415770.439862084,11794981.917868977
26,epsilon_constrained_cost,6105143.8598254165,102892999.50756419,-1028929.9950756419,6105143.859825449,10542810.788327161,34714823.472179465,11314.408565126658,11911930.257925047,11316333.745028794
27,epsilon_constrained_cost,6112546.393022469,102727194.08830363,-1027271.9408830362,6112546.393022475,10547981.99390148,34767484.557206914,11328.866637777097,11424854.571226317,10853611.842665002
28,epsilon_constrained_cost,6119948.926219523,102568906.63593721,-1025689.0663593721,6119948.926219532,10558785.14062731,34814513.701083094,11343.324710427602,11053305.882504744,10500640.588379508
29,epsilon_constrained_cost,6127351.459416576,102417177.89025176,-1024171.7789025175,6127351.459416504,10571850.958642071,34859280.17366968,11357.782783077939,10728170.963826276,10191762.415626038
30,epsilon_constrained_cost,6134753.9926136285,102275304.68262172,-1022753.0468262172,6134753.992613651,10583289.636853263,34905673.7860612,11372.240855728614,10369658.81838014,9851175.87746113
31,epsilon_constrained_cost,6142156.525810681,102146161.75246513,-1021461.6175246513,6142156.5258107,10596787.522684626,34950008.19083178,11386.6989283791,10053386.829259992,9550717.487796992
32,epsilon_constrained_cost,6149559.059007734,102035863.40217483,-1020358.6340217483,6149559.059007725,10607524.734986259,34997103.2691319,11401.15700102954,9680485.639531903,9196461.357555307
33,epsilon_constrained_cost,6156961.592204787,101939266.98699188,-1019392.6698699188,6156961.592204759,10627953.559229288,35034506.7354907,11415.61507368,9506386.746036764,9031067.408734925
34,epsilon_constrained_cost,6164364.125401841,101851527.70912755,-1018515.2770912754,6164364.125401802,10651285.175540823,35069007.40978107,11430.073146330473,9391832.305228237,8922240.689966824
35,epsilon_constrained_cost,6171766.658598893,101774407.2189877,-1017744.072189877,6171766.658598769,10670682.786852743,35107442.089070454,11444.531218980801,9196580.325978871,8736751.309680618
36,epsilon_constrained_cost,6179169.191795946,101705424.249717,-1017054.24249717,6179169.191795921,10692312.86654694,35143644.299979,11458.989291631486,9047122.56992757,8594766.441431193
37,epsilon_constrained_cost,6186571.724992999,101644417.80453682,-1016444.1780453682,6186571.724993081,10712431.825500628,35181357.631628126,11473.447364282189,8866667.465359028,8423334.092091078
38,epsilon_constrained_cost,6193974.258190052,101590056.24980366,-1015900.5624980367,6193974.258190061,10733785.4306848,35217836.31704536,11487.90543693254,8711538.437327556,8275961.515461175
39,epsilon_constrained_cost,6201376.791387104,101544682.9947614,-1015446.8299476141,6201376.791387087,10755132.552400513,35254321.48593141,11502.363509582981,8556276.41506771,8128462.594314324
40,epsilon_constrained_cost,6208779.324584158,101505440.72153103,-1015054.4072153104,6208779.324584138,10781161.168080447,35286125.16085344,11516.821582233471,8497045.03822574,8072192.786314454
41,epsilon_constrained_cost,6216181.857781211,101473670.34382981,-1014736.7034382981,6216181.857781193,10804995.190167375,35320123.4293685,11531.279654883969,8392796.3569115,7973156.539065925
42,epsilon_constrained_cost,6223584.390978264,101448085.84528601,-1014480.8584528601,6223584.390978254,10833313.10035118,35349637.809786744,11545.73772753448,8380524.867327547,7961498.623961169
43,epsilon_constrained_cost,6230986.9241753165,101427582.29575479,-1014275.8229575478,6230986.924175286,10859394.459025215,35381388.741714515,11560.19580018493,8322375.398058495,7906256.6281555705
44,epsilon_constrained_cost,6238389.457372369,101410211.77693623,-1014102.1177693623,6238389.457372325,10886006.893952293,35412608.597389296,11574.653872835397,8275119.800646137,7861363.81061383
45,epsilon_constrained_cost,6245791.990569422,101395476.15559328,-1013954.7615559328,6245791.990569248,10912482.151386682,35443965.630555876,11589.11194548564,8225050.30595026,7813797.7906529065
46,epsilon_constrained_cost,6253194.523766475,101384080.58210629,-1013840.8058210629,6253194.523766344,10939713.026330449,35474567.046214424,11603.570018136219,8190480.657593492,7780956.624714018
47,epsilon_constrained_cost,6260597.0569635285,101375802.31116796,-1013758.0231116796,6260597.056963469,10968185.329802131,35503927.03334528,11618.028090786855,8181376.209815724,7772307.399325139
48,epsilon_constrained_cost,6267999.590160581,101370867.06438744,-1013708.6706438744,6267999.59016058,10995755.97142952,35534188.68232033,11632.486163437461,8153776.134453207,7746087.327730547
49,cost_anchor,6275402.123357634,101369416.43991458,-1013694.1643991459,6275402.123357634,11020225.49751689,35567551.44683494,11646.944236087955,8062563.432635387,7659435.261003617
